{"timestamp": "20241116_045918", "test_loss": 0.039970190503259395, "average_validation_loss": 7.890534337610006, "hyperparameters": {"hidden_channels": 33, "learning_rate": 0.019143182552742555, "decay": 1.1281655942250053e-05, "HEADS": 7, "penalty_weight": 0.013099428908602972, "dropout_rate": 0.13585569313019896, "LAMBDA": 0.0008073056637278213, "ALPHA": 0.008017303193966652, "HOP": 4, "max_phy_loss": 0.46358603050182284}}